stpost,district,incname,incparty,d24,r24,tot24,pcd24,pcr24,marg24,d20,r20,tot20,pcd20,pcr20,marg20
AK,1,Nick Begich,R,140026,184458,338177,0.4141,0.5454,-0.1314,153778,189951,357569,0.4301,0.5312,-0.1012
AL,1,Barry Moore,R,73003,257060,332700,0.2194,0.7726,-0.5532,79112,243258,325715,0.2429,0.7468,-0.5040
AL,2,Shomari Figures,D,155603,131721,290033,0.5365,0.4542,0.0823,174051,135333,312225,0.5575,0.4334,0.1240
AL,3,Mike Rogers,R,82654,229676,314869,0.2625,0.7294,-0.4669,93357,225360,322031,0.2899,0.6998,-0.4099
AL,4,Robert Aderholt,R,53098,267953,323449,0.1642,0.8284,-0.6643,60121,262473,325713,0.1846,0.8058,-0.6213
AL,5,Dale Strong,R,122344,224704,351650,0.3479,0.6390,-0.2911,122867,216418,344866,0.3563,0.6275,-0.2713
AL,6,Gary Palmer,R,105388,239984,349125,0.3019,0.6874,-0.3855,107324,241583,353116,0.3039,0.6841,-0.3802
AL,7,Terri Sewell,D,180321,111517,294526,0.6122,0.3786,0.2336,212792,116745,332305,0.6404,0.3513,0.2890
AR,1,Rick Crawford,R,72183,196035,273446,0.2640,0.7169,-0.4529,80516,197832,286792,0.2807,0.6898,-0.4091
AR,2,French Hill,R,131089,180710,319500,0.4103,0.5656,-0.1553,140254,183964,333041,0.4211,0.5524,-0.1312
AR,3,Steve Womack,R,112073,189161,309672,0.3619,0.6108,-0.2489,110479,180794,300274,0.3679,0.6021,-0.2342
AR,4,Bruce Westerman,R,81560,193335,280058,0.2912,0.6903,-0.3991,92683,198057,298962,0.3100,0.6625,-0.3525
AZ,1,David Schweikert,R,216232,230237,450734,0.4797,0.5108,-0.0311,231887,225013,462784,0.5011,0.4862,0.0149
AZ,2,Eli Crane,R,174969,237306,416477,0.4201,0.5698,-0.1497,183714,215659,405633,0.4529,0.5317,-0.0788
AZ,3,Yassamin Ansari,D,147522,62762,213222,0.6919,0.2944,0.3975,170840,54754,229285,0.7451,0.2388,0.5063
AZ,4,Greg Stanton,D,182893,159723,347506,0.5263,0.4596,0.0667,201238,162975,371497,0.5417,0.4387,0.1030
AZ,5,Andy Biggs,R,175673,264571,445025,0.3947,0.5945,-0.1998,171278,239646,417419,0.4103,0.5741,-0.1638
AZ,6,Juan Ciscomani,R,216024,219323,440175,0.4908,0.4983,-0.0075,214896,214580,436079,0.4928,0.4921,0.0007
AZ,7,[VACANT],D,170352,108028,281685,0.6048,0.3835,0.2213,194860,97580,296840,0.6564,0.3287,0.3277
AZ,8,Abe Hamadeh,R,162183,226186,392023,0.4137,0.5770,-0.1633,171266,225761,402630,0.4254,0.5607,-0.1353
AZ,9,Paul Gosar,R,137012,262106,402472,0.3404,0.6512,-0.3108,132165,225719,363126,0.3640,0.6216,-0.2576
CA,1,Doug LaMalfa,R,118090,199649,326893,0.3612,0.6107,-0.2495,136550,203077,348189,0.3922,0.5832,-0.1911
CA,2,Jared Huffman,D,276863,100474,390600,0.7088,0.2572,0.4516,310592,101570,422441,0.7352,0.2404,0.4948
CA,3,Kevin Kiley,R,201922,218497,434048,0.4652,0.5034,-0.0382,211790,219762,442451,0.4787,0.4967,-0.0180
CA,4,Mike Thompson,D,225203,115410,351669,0.6404,0.3282,0.3122,250308,113844,373278,0.6706,0.3050,0.3656
CA,5,Tom McClintock,R,151686,219092,380505,0.3986,0.5758,-0.1771,171424,220770,401076,0.4274,0.5504,-0.1230
CA,6,Ami Bera,D,166463,124666,301412,0.5523,0.4136,0.1387,192873,131468,333336,0.5786,0.3944,0.1842
CA,7,Doris Matsui,D,195104,103118,309198,0.6310,0.3335,0.2975,228897,102737,339420,0.6744,0.3027,0.3717
CA,8,John Garamendi,D,200015,75771,285116,0.7015,0.2658,0.4358,244070,70550,321343,0.7595,0.2195,0.5400
CA,9,Josh Harder,D,122904,127491,258203,0.4760,0.4938,-0.0178,157640,121642,285397,0.5524,0.4262,0.1261
CA,10,Mark DeSaulnier,D,247321,119198,379290,0.6521,0.3143,0.3378,280973,119815,409383,0.6863,0.2927,0.3937
CA,11,Nancy Pelosi,D,295463,50870,361182,0.8180,0.1408,0.6772,339795,46210,393814,0.8628,0.1173,0.7455
CA,12,Lateefah Simon,D,269148,33869,318386,0.8454,0.1064,0.7390,328830,31734,368206,0.8931,0.0862,0.8069
CA,13,Adam Gray,D,100559,112433,218799,0.4596,0.5139,-0.0543,125261,100222,230706,0.5429,0.4344,0.1085
CA,14,Eric Swalwell,D,191274,88263,290778,0.6578,0.3035,0.3543,239561,87626,334248,0.7167,0.2622,0.4546
CA,15,Kevin Mullin,D,220603,74250,305590,0.7219,0.2430,0.4789,272883,71552,351079,0.7773,0.2038,0.5735
CA,16,Sam Liccardo,D,249344,82398,344065,0.7247,0.2395,0.4852,288193,85593,382082,0.7543,0.2240,0.5303
CA,17,Ro Khanna,D,176438,76249,264323,0.6675,0.2885,0.3790,219542,76381,301898,0.7272,0.2530,0.4742
CA,18,Zoe Lofgren,D,149269,79571,236237,0.6319,0.3368,0.2950,190117,72029,267951,0.7095,0.2688,0.4407
CA,19,Jimmy Panetta,D,246403,116909,376513,0.6544,0.3105,0.3439,283245,119900,412573,0.6865,0.2906,0.3959
CA,20,Vince Fong,R,110642,210246,328446,0.3369,0.6401,-0.3033,127496,214492,349862,0.3644,0.6131,-0.2487
CA,21,Jim Costa,D,101220,93644,200112,0.5058,0.4680,0.0379,133827,87856,226362,0.5912,0.3881,0.2031
CA,22,David Valadao,R,79359,89469,173377,0.4577,0.5160,-0.0583,103963,79681,188155,0.5525,0.4235,0.1290
CA,23,Jay Obernolte,R,110434,156700,274456,0.4024,0.5709,-0.1686,130953,160218,298346,0.4389,0.5370,-0.0981
CA,24,Salud Carbajal,D,214713,126508,352206,0.6096,0.3592,0.2504,240344,130117,379418,0.6335,0.3429,0.2905
CA,25,Raul Ruiz,D,125529,119328,250727,0.5007,0.4759,0.0247,150324,109749,265268,0.5667,0.4137,0.1530
CA,26,Julia Brownley,D,190849,145316,345925,0.5517,0.4201,0.1316,222994,147422,378303,0.5895,0.3897,0.1998
CA,27,George Whitesides,D,157170,145061,311417,0.5047,0.4658,0.0389,188108,145890,341467,0.5509,0.4272,0.1236
CA,28,Judy Chu,D,204263,115237,330517,0.6180,0.3487,0.2694,242549,117111,366847,0.6612,0.3192,0.3419
CA,29,Luz Rivas,D,154257,72714,234315,0.6583,0.3103,0.3480,204924,63885,274903,0.7454,0.2324,0.5130
CA,30,Laura Friedman,D,233138,94036,338818,0.6881,0.2775,0.4106,273895,98576,379374,0.7220,0.2598,0.4621
CA,31,Gil Cisneros,D,151581,106588,266185,0.5695,0.4004,0.1690,198028,102679,307073,0.6449,0.3344,0.3105
CA,32,Brad Sherman,D,224304,114803,349320,0.6421,0.3286,0.3135,271209,112044,390332,0.6948,0.2870,0.4078
CA,33,Pete Aguilar,D,129054,107755,243888,0.5292,0.4418,0.0873,168266,99017,273478,0.6153,0.3621,0.2532
CA,34,Jimmy Gomez,D,156740,48092,214539,0.7306,0.2242,0.5064,205043,42309,253290,0.8095,0.1670,0.6425
CA,35,Norma Torres,D,131010,105937,244123,0.5367,0.4339,0.1027,173588,97138,276741,0.6273,0.3510,0.2763
CA,36,Ted Lieu,D,261912,111106,385620,0.6792,0.2881,0.3911,299046,113323,421108,0.7101,0.2691,0.4410
CA,37,Sydney Kamlager-Dove,D,184950,42949,235124,0.7866,0.1827,0.6039,239814,34760,279846,0.8569,0.1242,0.7327
CA,38,Linda Sanchez,D,166559,119143,294877,0.5648,0.4040,0.1608,217122,114836,338870,0.6407,0.3389,0.3018
CA,39,Mark Takano,D,125934,103033,236224,0.5331,0.4362,0.0969,165291,95616,266730,0.6197,0.3585,0.2612
CA,40,Young Kim,R,184651,193734,391393,0.4718,0.4950,-0.0232,212169,204203,424992,0.4992,0.4805,0.0187
CA,41,Ken Calvert,R,165922,187430,362808,0.4573,0.5166,-0.0593,178995,182973,368474,0.4858,0.4966,-0.0108
CA,42,Robert Garcia,D,159940,79492,248059,0.6448,0.3205,0.3243,207750,74998,289669,0.7172,0.2589,0.4583
CA,43,Maxine Waters,D,162845,53435,223449,0.7288,0.2391,0.4896,218764,46043,270782,0.8079,0.1700,0.6379
CA,44,Nanette Barragan,D,164053,79136,251106,0.6533,0.3151,0.3382,213507,72413,292791,0.7292,0.2473,0.4819
CA,45,Derek Tran,D,159879,154900,324363,0.4929,0.4776,0.0154,186196,164111,357137,0.5214,0.4595,0.0618
CA,46,Lou Correa,D,125174,86462,218362,0.5732,0.3960,0.1773,162579,85483,253538,0.6412,0.3372,0.3041
CA,47,Dave Min,D,182428,167325,362462,0.5033,0.4616,0.0417,212948,169641,390918,0.5447,0.4340,0.1108
CA,48,Darrell Issa,R,152884,209800,371854,0.4111,0.5642,-0.1531,167285,215540,391616,0.4272,0.5504,-0.1232
CA,49,Mike Levin,D,202287,172361,385546,0.5247,0.4471,0.0776,221230,174975,405298,0.5458,0.4317,0.1141
CA,50,Scott Peters,D,234873,124867,372180,0.6311,0.3355,0.2956,262795,129606,401947,0.6538,0.3224,0.3314
CA,51,Sara Jacobs,D,204059,124434,338858,0.6022,0.3672,0.2350,231182,130132,370060,0.6247,0.3517,0.2731
CA,52,Juan Vargas,D,159494,102478,269073,0.5928,0.3809,0.2119,205523,93111,304934,0.6740,0.3053,0.3686
CO,1,Diana DeGette,D,280661,75479,365908,0.7670,0.2063,0.5607,315904,72379,397310,0.7951,0.1822,0.6129
CO,2,Joe Neguse,D,295692,123973,431634,0.6851,0.2872,0.3978,306400,128491,446260,0.6866,0.2879,0.3987
CO,3,Jeff Hurd,R,178501,218065,406672,0.4389,0.5362,-0.0973,184181,218187,412128,0.4469,0.5294,-0.0825
CO,4,Lauren Boebert,R,182901,267114,461367,0.3964,0.5790,-0.1825,174553,256585,442183,0.3948,0.5803,-0.1855
CO,5,Jeff Crank,R,165522,199615,375301,0.4410,0.5319,-0.0908,160880,198614,373408,0.4308,0.5319,-0.1011
CO,6,Jason Crow,D,210533,139305,360149,0.5846,0.3868,0.1978,232517,141195,383771,0.6059,0.3679,0.2380
CO,7,Brittany Pettersen,D,249924,183164,445524,0.5610,0.4111,0.1498,256166,190987,459940,0.5570,0.4152,0.1417
CO,8,Gabe Evans,R,164425,170726,344318,0.4775,0.4958,-0.0183,173751,158170,341951,0.5081,0.4626,0.0456
CT,1,John Larson,D,208405,129726,343851,0.6061,0.3773,0.2288,227830,126759,359895,0.6330,0.3522,0.2808
CT,2,Joe Courtney,D,205994,175984,388477,0.5303,0.4530,0.0773,214158,169366,391348,0.5472,0.4328,0.1145
CT,3,Rosa DeLauro,D,191831,143737,342110,0.5607,0.4201,0.1406,213122,142174,359820,0.5923,0.3951,0.1972
CT,4,Jim Himes,D,206080,127034,338387,0.6090,0.3754,0.2336,230411,120230,355456,0.6482,0.3382,0.3100
CT,5,Jahana Hayes,D,179743,160437,345604,0.5201,0.4642,0.0559,195160,156762,357217,0.5463,0.4388,0.1075
DE,1,Sarah McBride,D,289758,214351,511697,0.5663,0.4189,0.1474,296268,200603,504010,0.5878,0.3980,0.1898
FL,1,Jimmy Patronis,R,130210,287054,421568,0.3089,0.6809,-0.3720,139194,275547,421983,0.3299,0.6530,-0.3231
FL,2,Neal Dunn,R,166158,239978,410127,0.4051,0.5851,-0.1800,180607,225757,410746,0.4397,0.5496,-0.1099
FL,3,Kat Cammack,R,155748,240137,399639,0.3897,0.6009,-0.2112,166687,222032,392680,0.4245,0.5654,-0.1409
FL,4,Aaron Bean,R,173072,220106,397132,0.4358,0.5542,-0.1184,184152,210911,400004,0.4604,0.5273,-0.0669
FL,5,John Rutherford,R,168926,262439,436333,0.3871,0.6015,-0.2143,176903,244278,426534,0.4147,0.5727,-0.1580
FL,6,Randy Fine,R,152754,285616,441578,0.3459,0.6468,-0.3009,160980,262018,426794,0.3772,0.6139,-0.2367
FL,7,Cory Mills,R,184389,237638,426813,0.4320,0.5568,-0.1248,202049,226044,432716,0.4669,0.5224,-0.0555
FL,8,Mike Haridopolos,R,177212,280406,461931,0.3836,0.6070,-0.2234,186758,267849,459670,0.4063,0.5827,-0.1764
FL,9,Darren Soto,D,170042,158367,332322,0.5117,0.4765,0.0351,198451,139043,340752,0.5824,0.4080,0.1743
FL,10,Maxwell Frost,D,182937,114483,301485,0.6068,0.3797,0.2271,218958,112414,335201,0.6532,0.3354,0.3178
FL,11,Daniel Webster,R,189155,263412,456757,0.4141,0.5767,-0.1626,188273,234657,426492,0.4414,0.5502,-0.1088
FL,12,Gus Bilirakis,R,143215,296459,443210,0.3231,0.6689,-0.3458,150490,273483,428151,0.3515,0.6388,-0.2873
FL,13,Anna Paulina Luna,R,182362,231968,418303,0.4360,0.5545,-0.1186,207951,238399,450980,0.4611,0.5286,-0.0675
FL,14,Kathy Castor,D,190430,163008,357518,0.5326,0.4559,0.0767,231590,156409,392644,0.5898,0.3983,0.1915
FL,15,Laurel Lee,R,155662,195534,356338,0.4368,0.5487,-0.1119,176040,187647,367849,0.4786,0.5101,-0.0316
FL,16,Vern Buchanan,R,177608,243281,424610,0.4183,0.5730,-0.1547,184319,220728,409050,0.4506,0.5396,-0.0890
FL,17,Greg Steube,R,176069,287945,467186,0.3769,0.6163,-0.2395,187427,259237,450114,0.4164,0.5759,-0.1595
FL,18,Scott Franklin,R,124323,229013,356098,0.3491,0.6431,-0.2940,133424,213235,349949,0.3813,0.6093,-0.2281
FL,19,Byron Donalds,R,150278,275172,428204,0.3509,0.6426,-0.2917,169589,260674,433251,0.3914,0.6017,-0.2102
FL,20,Sheila Cherfilus-McCormick,D,207864,89156,299724,0.6935,0.2975,0.3961,252405,78222,332578,0.7589,0.2352,0.5237
FL,21,Brian Mast,R,188603,264124,455972,0.4136,0.5793,-0.1656,199069,240849,442839,0.4495,0.5439,-0.0943
FL,22,Lois Frankel,D,197003,176046,376334,0.5235,0.4678,0.0557,229942,160705,393104,0.5849,0.4088,0.1761
FL,23,Jared Moskowitz,D,195684,188302,387455,0.5050,0.4860,0.0191,232548,177952,412845,0.5633,0.4310,0.1322
FL,24,Frederica Wilson,D,191104,102190,295841,0.6460,0.3454,0.3005,245449,83302,330498,0.7427,0.2520,0.4906
FL,25,Debbie Wasserman Schultz,D,184023,165217,352829,0.5216,0.4683,0.0533,229439,152844,384550,0.5966,0.3975,0.1992
FL,26,Mario Diaz-Balart,R,101483,211711,315221,0.3219,0.6716,-0.3497,126831,184088,312563,0.4058,0.5890,-0.1832
FL,27,Maria Elvira Salazar,R,142906,192461,338014,0.4228,0.5694,-0.1466,178067,179207,359223,0.4957,0.4989,-0.0032
FL,28,Carlos Gimenez,R,123817,208901,335003,0.3696,0.6236,-0.2540,159454,181199,342665,0.4653,0.5288,-0.0635
GA,1,Buddy Carter,R,152070,209540,363589,0.4182,0.5763,-0.1581,144314,189725,338574,0.4262,0.5604,-0.1341
GA,2,Sanford Bishop,D,169577,145474,316317,0.5361,0.4599,0.0762,173621,140787,317280,0.5472,0.4437,0.1035
GA,3,Brian Jack,R,145886,270196,418554,0.3485,0.6455,-0.2970,132438,248375,385533,0.3435,0.6442,-0.3007
GA,4,Hank Johnson,D,234429,71937,309663,0.7570,0.2323,0.5247,248593,65346,317482,0.7830,0.2058,0.5772
GA,5,Nikema Williams,D,299983,48165,351733,0.8529,0.1369,0.7159,298038,45300,347583,0.8575,0.1303,0.7271
GA,6,Lucy McBath,D,280411,92612,376079,0.7456,0.2463,0.4994,272649,90780,367715,0.7415,0.2469,0.4946
GA,7,Rich McCormick,R,166264,261716,432786,0.3842,0.6047,-0.2206,160882,240034,406792,0.3955,0.5901,-0.1946
GA,8,Austin Scott,R,119340,225184,345955,0.3450,0.6509,-0.3059,117889,209159,330441,0.3568,0.6330,-0.2762
GA,9,Andrew Clyde,R,130776,267538,401323,0.3259,0.6666,-0.3408,121352,239320,365489,0.3320,0.6548,-0.3228
GA,10,Mike Collins,R,162887,249036,414479,0.3930,0.6008,-0.2078,146057,226098,376859,0.3876,0.6000,-0.2124
GA,11,Barry Loudermilk,R,159023,257070,420016,0.3786,0.6120,-0.2334,149016,234589,390136,0.3820,0.6013,-0.2193
GA,12,Rick Allen,R,149015,198465,349195,0.4267,0.5684,-0.1416,151146,185743,340948,0.4433,0.5448,-0.1015
GA,13,David Scott,D,257537,103350,364212,0.7071,0.2838,0.4233,248807,104096,356696,0.6975,0.2918,0.4057
GA,14,Marjorie Taylor Greene,R,120819,262833,386145,0.3129,0.6807,-0.3678,108830,242501,356187,0.3055,0.6808,-0.3753
HI,1,Ed Case,D,153039,91498,248840,0.6150,0.3677,0.2473,178660,96350,279670,0.6388,0.3445,0.2943
HI,2,Jill Tokuda,D,160005,102163,267861,0.5973,0.3814,0.2159,187470,100514,294799,0.6359,0.3410,0.2950
IA,1,Mariannette Miller-Meeks,R,190502,226309,422996,0.4504,0.5350,-0.0847,203400,215742,426927,0.4764,0.5053,-0.0289
IA,2,Ashley Hinson,R,186017,227941,419694,0.4432,0.5431,-0.0999,203246,222312,433378,0.4690,0.5130,-0.0440
IA,3,Zach Nunn,R,199043,217645,422161,0.4715,0.5155,-0.0441,205591,207043,420101,0.4894,0.4928,-0.0035
IA,4,Randy Feenstra,R,131716,255124,391998,0.3360,0.6508,-0.3148,146824,252575,406128,0.3615,0.6219,-0.2604
ID,1,Russ Fulcher,R,126556,343893,482249,0.2624,0.7131,-0.4507,132085,302868,447457,0.2952,0.6769,-0.3817
ID,2,Mike Simpson,R,148416,261353,422563,0.3512,0.6185,-0.2673,154936,251251,419904,0.3690,0.5984,-0.2294
IL,1,Jonathan Jackson,D,214180,109215,327524,0.6539,0.3335,0.3205,260631,103984,369753,0.7049,0.2812,0.4237
IL,2,Robin Kelly,D,196188,97557,297831,0.6587,0.3276,0.3312,231924,98000,334668,0.6930,0.2928,0.4002
IL,3,Delia Ramirez,D,172024,88947,264637,0.6500,0.3361,0.3139,207342,84147,297395,0.6972,0.2829,0.4142
IL,4,Chuy Garcia,D,133997,74150,211284,0.6342,0.3509,0.2833,175301,62731,242543,0.7228,0.2586,0.4641
IL,5,Mike Quigley,D,254128,115335,373934,0.6796,0.3084,0.3712,275679,117237,400256,0.6888,0.2929,0.3959
IL,6,Sean Casten,D,190484,170365,366334,0.5200,0.4651,0.0549,216368,173185,396914,0.5451,0.4363,0.1088
IL,7,Danny Davis,D,227588,46357,277166,0.8211,0.1673,0.6539,274896,41082,321060,0.8562,0.1280,0.7283
IL,8,Raja Krishnamoorthi,D,162610,141333,307970,0.5280,0.4589,0.0691,189430,138017,333628,0.5678,0.4137,0.1541
IL,9,Jan Schakowsky,D,234534,107886,346306,0.6772,0.3115,0.3657,267524,108596,382482,0.6994,0.2839,0.4155
IL,10,Brad Schneider,D,198884,126235,329534,0.6035,0.3831,0.2205,220357,128416,355522,0.6198,0.3612,0.2586
IL,11,Bill Foster,D,198860,157499,361856,0.5496,0.4353,0.1143,215328,157129,380478,0.5659,0.4130,0.1530
IL,12,Mike Bost,R,102645,264477,372700,0.2754,0.7096,-0.4342,106204,270198,383257,0.2771,0.7050,-0.4279
IL,13,Nikki Budzinski,D,180464,145725,331866,0.5438,0.4391,0.1047,195393,155142,358904,0.5444,0.4323,0.1121
IL,14,Lauren Underwood,D,173949,156554,335428,0.5186,0.4667,0.0519,191028,151016,348998,0.5474,0.4327,0.1146
IL,15,Mary Miller,R,111678,263292,381405,0.2928,0.6903,-0.3975,117057,270236,395434,0.2960,0.6834,-0.3874
IL,16,Darin LaHood,R,147743,236254,390305,0.3785,0.6053,-0.2268,152633,238789,400519,0.3811,0.5962,-0.2151
IL,17,Eric Sorensen,D,162905,147899,316290,0.5150,0.4676,0.0474,174821,148985,331627,0.5272,0.4493,0.0779
IN,1,Frank Mrvan,D,161625,160330,327083,0.4941,0.4902,0.0040,181832,153364,340700,0.5337,0.4501,0.0836
IN,2,Rudy Yakym,R,107778,187182,299603,0.3597,0.6248,-0.2650,117687,187968,311424,0.3779,0.6036,-0.2257
IN,3,Marlin Stutzman,R,107772,207946,321172,0.3356,0.6475,-0.3119,111650,209890,328584,0.3398,0.6388,-0.2990
IN,4,Jim Baird,R,114999,213001,333994,0.3443,0.6377,-0.2934,118417,219029,345309,0.3429,0.6343,-0.2914
IN,5,Victoria Spartz,R,150105,212150,369170,0.4066,0.5747,-0.1681,151397,210212,369022,0.4103,0.5696,-0.1594
IN,6,Jefferson Shreve,R,107012,212902,325612,0.3286,0.6539,-0.3252,109391,215307,331748,0.3297,0.6490,-0.3193
IN,7,Andre Carson,D,189586,77134,271247,0.6989,0.2844,0.4146,213498,84813,303734,0.7029,0.2792,0.4237
IN,8,Mark Messmer,R,103784,223051,332397,0.3122,0.6710,-0.3588,112346,225275,343948,0.3266,0.6550,-0.3283
IN,9,Erin Houchin,R,121011,226651,353491,0.3423,0.6412,-0.2988,126197,223661,356696,0.3538,0.6270,-0.2732
KS,1,Tracey Mann,R,103889,200988,310550,0.3345,0.6472,-0.3127,110422,206364,323819,0.3410,0.6373,-0.2963
KS,2,Derek Schmidt,R,120738,181316,307903,0.3921,0.5889,-0.1967,130954,183352,321754,0.4070,0.5699,-0.1629
KS,3,Sharice Davids,D,203405,187105,397590,0.5116,0.4706,0.0410,205621,187731,401921,0.5116,0.4671,0.0445
KS,4,Ron Estes,R,116821,189393,311548,0.3750,0.6079,-0.2329,123326,193958,324810,0.3797,0.5971,-0.2175
KY,1,James Comer,R,88125,250232,342750,0.2571,0.7301,-0.4730,98100,248460,351824,0.2788,0.7062,-0.4274
KY,2,Brett Guthrie,R,100536,245734,351285,0.2862,0.6995,-0.4133,108502,237998,352498,0.3078,0.6752,-0.3674
KY,3,Morgan McGarvey,D,194712,131797,332190,0.5861,0.3968,0.1894,220429,138649,365965,0.6023,0.3789,0.2235
KY,4,Thomas Massie,R,117644,250916,374804,0.3139,0.6695,-0.3556,122980,244777,374537,0.3284,0.6535,-0.3252
KY,5,Hal Rogers,R,55275,257630,316756,0.1745,0.8133,-0.6388,64435,258817,327397,0.1968,0.7905,-0.5937
KY,6,Andy Barr,R,147751,201185,355524,0.4156,0.5659,-0.1503,158028,197944,363215,0.4351,0.5450,-0.1099
LA,1,Steve Scalise,R,111933,252925,371800,0.3011,0.6803,-0.3792,116933,265707,389944,0.2999,0.6814,-0.3815
LA,2,Troy Carter,D,207309,106781,320338,0.6472,0.3333,0.3138,235018,109269,350031,0.6714,0.3122,0.3593
LA,3,Clay Higgins,R,90504,240932,335959,0.2694,0.7171,-0.4478,99593,249903,355491,0.2802,0.7030,-0.4228
LA,4,Mike Johnson,R,78541,254091,336699,0.2333,0.7547,-0.5214,87192,261304,353970,0.2463,0.7382,-0.4919
LA,5,Julia Letlow,R,104074,225375,334450,0.3112,0.6739,-0.3627,114890,234776,355457,0.3232,0.6605,-0.3373
LA,6,Cleo Fields,D,174508,128401,307729,0.5671,0.4173,0.1498,202408,134818,343169,0.5898,0.3929,0.1970
MA,1,Richard Neal,D,211784,160045,379806,0.5576,0.4214,0.1362,235190,150037,393141,0.5982,0.3816,0.2166
MA,2,Jim McGovern,D,231966,141308,382912,0.6058,0.3690,0.2368,254528,132546,395665,0.6433,0.3350,0.3083
MA,3,Lori Trahan,D,208626,140854,357054,0.5843,0.3945,0.1898,233536,131375,372676,0.6266,0.3525,0.2741
MA,4,Jake Auchincloss,D,237730,158054,403966,0.5885,0.3913,0.1972,263669,145121,416487,0.6331,0.3484,0.2846
MA,5,Katherine Clark,D,265591,97371,372437,0.7131,0.2614,0.4517,298842,94405,399703,0.7477,0.2362,0.5115
MA,6,Seth Moulton,D,255729,166654,430682,0.5938,0.3870,0.2068,283226,158963,450070,0.6293,0.3532,0.2761
MA,7,Ayanna Pressley,D,222693,47009,278443,0.7998,0.1688,0.6310,269381,41245,314904,0.8554,0.1310,0.7245
MA,8,Stephen Lynch,D,242623,139502,390362,0.6215,0.3574,0.2642,277534,130407,414844,0.6690,0.3144,0.3547
MA,9,Bill Keating,D,249776,200506,457746,0.5457,0.4380,0.1076,266296,183101,457586,0.5820,0.4001,0.1818
MD,1,Andy Harris,R,171555,243356,424523,0.4041,0.5732,-0.1691,171268,230930,410539,0.4172,0.5625,-0.1453
MD,2,Johnny Olszewski,D,227194,154843,392005,0.5796,0.3950,0.1846,232384,150927,391029,0.5943,0.3860,0.2083
MD,3,Sarah Elfreth,D,249542,151360,413154,0.6040,0.3664,0.2376,255249,149743,413425,0.6174,0.3622,0.2552
MD,4,Glenn Ivey,D,240880,33369,281855,0.8546,0.1184,0.7362,271589,26247,302947,0.8965,0.0866,0.8099
MD,5,Steny Hoyer,D,280941,138217,428752,0.6553,0.3224,0.3329,280898,128846,416761,0.6740,0.3092,0.3648
MD,6,April McClain Delaney,D,200040,177658,387773,0.5159,0.4581,0.0577,200375,163848,371676,0.5391,0.4408,0.0983
MD,7,Kweisi Mfume,D,236171,58128,302076,0.7818,0.1924,0.5894,251751,54327,310936,0.8097,0.1747,0.6349
MD,8,Jamie Raskin,D,296254,78619,385512,0.7685,0.2039,0.5645,321508,71547,399296,0.8052,0.1792,0.6260
ME,1,Chellie Pingree,D,258863,165214,433356,0.5973,0.3812,0.2161,258001,159932,430096,0.5999,0.3719,0.2280
ME,2,Jared Golden,D,176789,212763,397438,0.4448,0.5353,-0.0905,177070,200803,389278,0.4549,0.5158,-0.0610
MI,1,Jack Bergman,R,187850,290869,485753,0.3867,0.5988,-0.2121,182977,274971,465104,0.3934,0.5912,-0.1978
MI,2,John Moolenaar,R,151066,283908,441509,0.3422,0.6430,-0.3009,145196,262155,414538,0.3503,0.6324,-0.2821
MI,3,Hillary Scholten,D,226857,193356,427349,0.5308,0.4525,0.0784,222098,186701,416906,0.5327,0.4478,0.0849
MI,4,Bill Huizenga,R,201773,225809,434160,0.4647,0.5201,-0.0554,196696,213155,417516,0.4711,0.5105,-0.0394
MI,5,Tim Walberg,R,151092,265192,422272,0.3578,0.6280,-0.2702,150368,248430,405836,0.3705,0.6121,-0.2416
MI,6,Debbie Dingell,D,280089,171949,464014,0.6036,0.3706,0.2331,286146,164381,456503,0.6268,0.3601,0.2667
MI,7,Tom Barrett,R,224740,230678,462734,0.4857,0.4985,-0.0128,219465,217141,444296,0.4940,0.4887,0.0052
MI,8,Kristen McDonald Rivet,D,209502,218093,433716,0.4830,0.5028,-0.0198,215710,207003,429213,0.5026,0.4823,0.0203
MI,9,Lisa McClain,R,161552,319082,487198,0.3316,0.6549,-0.3233,160590,297475,464737,0.3456,0.6401,-0.2945
MI,10,John James,R,199324,227882,436216,0.4569,0.5224,-0.0655,209969,214177,429829,0.4885,0.4983,-0.0098
MI,11,Haley Stevens,D,262389,188361,460276,0.5701,0.4092,0.1608,273915,182229,462280,0.5925,0.3942,0.1983
MI,12,Rashida Tlaib,D,249017,106983,374126,0.6656,0.2860,0.3796,285642,97508,387609,0.7369,0.2516,0.4854
MI,13,Shri Thanedar,D,231273,94471,333169,0.6942,0.2836,0.4106,252697,83907,340610,0.7419,0.2463,0.4956
MN,1,Brad Finstad,R,167186,213794,388291,0.4306,0.5506,-0.1200,172285,208058,388718,0.4432,0.5352,-0.0920
MN,2,Angie Craig,D,220555,195780,424818,0.5192,0.4609,0.0583,221003,190819,420650,0.5254,0.4536,0.0718
MN,3,Kelly Morrison,D,251783,161925,422632,0.5957,0.3831,0.2126,258543,167402,434448,0.5951,0.3853,0.2098
MN,4,Betty McCollum,D,251495,117085,376783,0.6675,0.3107,0.3567,268967,119722,396499,0.6784,0.3019,0.3764
MN,5,Ilhan Omar,D,292800,65271,367777,0.7961,0.1775,0.6187,319407,69135,396493,0.8056,0.1744,0.6312
MN,6,Tom Emmer,R,168603,253253,430366,0.3918,0.5885,-0.1967,165862,238872,413782,0.4008,0.5773,-0.1764
MN,7,Michelle Fischbach,R,123652,269504,399799,0.3093,0.6741,-0.3648,128550,260007,395801,0.3248,0.6569,-0.3321
MN,8,Pete Stauber,R,180905,242420,430450,0.4203,0.5632,-0.1429,182461,230050,420814,0.4336,0.5467,-0.1131
MO,1,Wesley Bell,D,244275,64567,314220,0.7774,0.2055,0.5719,278269,71037,355000,0.7839,0.2001,0.5838
MO,2,Ann Wagner,R,196255,230556,433971,0.4522,0.5313,-0.0790,198823,232845,438960,0.4529,0.5304,-0.0775
MO,3,Bob Onder,R,146055,254638,406388,0.3594,0.6266,-0.2672,142584,247108,397210,0.3590,0.6221,-0.2631
MO,4,Mark Alford,R,106163,265110,375940,0.2824,0.7052,-0.4228,109920,257315,374598,0.2934,0.6869,-0.3935
MO,5,Emanuel Cleaver,D,205020,126971,337623,0.6072,0.3761,0.2312,217895,125686,350584,0.6215,0.3585,0.2630
MO,6,Sam Graves,R,114818,263613,382953,0.2998,0.6884,-0.3885,115548,255727,377863,0.3058,0.6768,-0.3710
MO,7,Eric Burlison,R,105495,265470,375382,0.2810,0.7072,-0.4262,103423,254241,364374,0.2838,0.6977,-0.4139
MO,8,Jason Smith,R,82518,281060,367119,0.2248,0.7656,-0.5408,86552,274779,366570,0.2361,0.7496,-0.5135
MS,1,Trent Kelly,R,99872,219885,324057,0.3082,0.6785,-0.3703,111535,217291,333728,0.3342,0.6511,-0.3169
MS,2,Bennie Thompson,D,170917,112590,286455,0.5967,0.3930,0.2036,208159,121206,333247,0.6246,0.3637,0.2609
MS,3,Michael Guest,R,113023,207443,323626,0.3492,0.6410,-0.2918,128386,212321,345011,0.3721,0.6154,-0.2433
MS,4,Mike Ezell,R,82856,207826,293870,0.2819,0.7072,-0.4253,91318,205946,301772,0.3026,0.6825,-0.3798
MT,1,Ryan Zinke,R,137405,174604,322059,0.4266,0.5421,-0.1155,143417,165189,316603,0.4530,0.5218,-0.0688
MT,2,Troy Downing,R,94501,177475,280904,0.3364,0.6318,-0.2954,101369,178413,287037,0.3532,0.6216,-0.2684
NC,1,Don Davis,D,182919,194701,380609,0.4806,0.5116,-0.0310,195535,189037,387749,0.5043,0.4875,0.0168
NC,2,Deborah Ross,D,271376,132352,410662,0.6608,0.3223,0.3385,274375,129374,410264,0.6688,0.3153,0.3534
NC,3,Greg Murphy,R,147424,230887,381786,0.3861,0.6048,-0.2186,148669,211944,365705,0.4065,0.5795,-0.1730
NC,4,Valerie Foushee,D,312671,115458,435313,0.7183,0.2652,0.4530,303300,109913,418781,0.7242,0.2625,0.4618
NC,5,Virginia Foxx,R,165367,237737,407131,0.4062,0.5839,-0.1778,167159,228749,400206,0.4177,0.5716,-0.1539
NC,6,Addison McDowell,R,159318,226306,390326,0.4082,0.5798,-0.1716,157028,218931,380748,0.4124,0.5750,-0.1626
NC,7,David Rouzer,R,188984,250257,443261,0.4263,0.5646,-0.1382,182079,227837,415038,0.4387,0.5490,-0.1103
NC,8,Mark Harris,R,162688,241935,408938,0.3978,0.5916,-0.1938,160797,231207,396368,0.4057,0.5833,-0.1776
NC,9,Richard Hudson,R,158667,219161,381829,0.4155,0.5740,-0.1584,157590,209219,371496,0.4242,0.5632,-0.1390
NC,10,Pat Harrigan,R,168721,242317,415176,0.4064,0.5836,-0.1773,164107,227817,396712,0.4137,0.5743,-0.1606
NC,11,Chuck Edwards,R,196320,238092,439574,0.4466,0.5416,-0.0950,189675,237262,432661,0.4384,0.5484,-0.1100
NC,12,Alma Adams,D,254841,91752,352991,0.7219,0.2599,0.4620,262552,85335,352999,0.7438,0.2417,0.5020
NC,13,Brad Knott,R,175125,245091,424917,0.4121,0.5768,-0.1647,158090,225142,388665,0.4068,0.5793,-0.1725
NC,14,Tim Moore,R,170950,232364,407378,0.4196,0.5704,-0.1508,163279,227014,394744,0.4136,0.5751,-0.1615
ND,1,Julie Fedorchak,R,112327,246505,365059,0.3077,0.6752,-0.3676,114902,235595,359890,0.3193,0.6546,-0.3354
NE,1,Mike Flood,R,136153,177666,318304,0.4277,0.5582,-0.1304,136956,171957,316440,0.4328,0.5434,-0.1106
NE,2,Don Bacon,R,163541,148905,316690,0.5164,0.4702,0.0462,163239,143429,312940,0.5216,0.4583,0.0633
NE,3,Adrian Smith,R,70301,238245,312165,0.2252,0.7632,-0.5380,74388,241459,322332,0.2308,0.7491,-0.5183
NH,1,Chris Pappas,D,208186,199942,411957,0.5054,0.4853,0.0201,210310,186410,403198,0.5216,0.4623,0.0593
NH,2,Maggie Goodlander,D,210302,195581,410159,0.5127,0.4768,0.0359,214627,179250,400635,0.5357,0.4474,0.0883
NJ,1,Donald Norcross,D,220600,150098,376377,0.5861,0.3988,0.1873,247693,149375,402495,0.6154,0.3711,0.2443
NJ,2,Jeff Van Drew,R,166360,214917,386844,0.4300,0.5556,-0.1255,192481,212664,410535,0.4689,0.5180,-0.0492
NJ,3,Herb Conaway,D,212712,179400,398668,0.5336,0.4500,0.0836,248284,186603,440666,0.5634,0.4235,0.1400
NJ,4,Chris Smith,R,142650,268072,416430,0.3426,0.6437,-0.3012,163106,259059,427724,0.3813,0.6057,-0.2243
NJ,5,Josh Gottheimer,D,200624,194528,402838,0.4980,0.4829,0.0151,240209,186611,432269,0.5557,0.4317,0.1240
NJ,6,Frank Pallone,D,167151,146484,321741,0.5195,0.4553,0.0642,197825,133268,335439,0.5898,0.3973,0.1925
NJ,7,Tom Kean,R,216349,221591,446499,0.4845,0.4963,-0.0117,235951,218151,461600,0.5112,0.4726,0.0386
NJ,8,Rob Menendez,D,135328,81523,222455,0.6083,0.3665,0.2419,173894,64633,241039,0.7214,0.2681,0.4533
NJ,9,Nellie Pou,D,137598,140858,286539,0.4802,0.4916,-0.0114,185603,126054,315019,0.5892,0.4001,0.1890
NJ,10,LaMonica McIver,D,196329,62565,263460,0.7452,0.2375,0.5077,234076,53928,290354,0.8062,0.1857,0.6204
NJ,11,Mikie Sherrill,D,219563,183688,411672,0.5333,0.4462,0.0871,252859,178835,437161,0.5784,0.4091,0.1693
NJ,12,Bonnie Watson Coleman,D,205449,124491,339201,0.6057,0.3670,0.2387,236355,114094,355052,0.6657,0.3213,0.3443
NM,1,Melanie Stansbury,D,194851,150029,353920,0.5506,0.4239,0.1266,201158,149225,359557,0.5595,0.4150,0.1444
NM,2,Gabe Vasquez,D,130539,135451,271659,0.4805,0.4986,-0.0181,137449,121889,264675,0.5193,0.4605,0.0588
NM,3,Teresa Leger Fernandez,D,153411,137911,297824,0.5151,0.4631,0.0520,163007,130780,299733,0.5438,0.4363,0.1075
NV,1,Dina Titus,D,168452,160877,335276,0.5024,0.4798,0.0226,172621,144973,324286,0.5323,0.4471,0.0853
NV,2,Mark Amodei,R,176315,235008,421161,0.4186,0.5580,-0.1394,173063,217348,401970,0.4305,0.5407,-0.1102
NV,3,Susie Lee,D,187997,190836,385188,0.4881,0.4954,-0.0074,190167,166069,363064,0.5238,0.4574,0.0664
NV,4,Steven Horsford,D,172433,164484,343215,0.5024,0.4792,0.0232,167635,141501,316056,0.5304,0.4477,0.0827
NY,1,Nick LaLota,R,190070,233206,429463,0.4426,0.5430,-0.1004,207858,215362,428299,0.4853,0.5028,-0.0175
NY,2,Andrew Garbarino,R,153928,204363,362137,0.4251,0.5643,-0.1393,176297,185233,365862,0.4819,0.5063,-0.0244
NY,3,Tom Suozzi,D,178099,194286,378302,0.4708,0.5136,-0.0428,216926,172453,393286,0.5516,0.4385,0.1131
NY,4,Laura Gillen,D,194428,189465,388579,0.5004,0.4876,0.0128,223909,166538,394485,0.5676,0.4222,0.1454
NY,5,Gregory Meeks,D,170189,68170,242000,0.7033,0.2817,0.4216,216607,49624,267734,0.8090,0.1853,0.6237
NY,6,Grace Meng,D,109480,96065,209347,0.5230,0.4589,0.0641,149718,81324,232973,0.6426,0.3491,0.2936
NY,7,Nydia Velazquez,D,168187,60343,235013,0.7156,0.2568,0.4589,199115,48083,249547,0.7979,0.1927,0.6052
NY,8,Hakeem Jeffries,D,170067,64988,238931,0.7118,0.2720,0.4398,203603,57647,262973,0.7742,0.2192,0.5550
NY,9,Yvette Clarke,D,173762,71900,250858,0.6927,0.2866,0.4061,204222,63657,269726,0.7571,0.2360,0.5211
NY,10,Dan Goldman,D,218940,51536,276966,0.7905,0.1861,0.6044,242638,40374,285858,0.8488,0.1412,0.7076
NY,11,Nicole Malliotakis,R,100628,167092,272725,0.3690,0.6127,-0.2437,134698,157208,294600,0.4572,0.5336,-0.0764
NY,12,Jerry Nadler,D,273954,58314,339053,0.8080,0.1720,0.6360,291127,47209,341717,0.8520,0.1382,0.7138
NY,13,Adriano Espaillat,D,188808,46800,239540,0.7882,0.1954,0.5928,242303,30463,274962,0.8812,0.1108,0.7704
NY,14,Alexandria Ocasio-Cortez,D,131879,67385,203123,0.6493,0.3317,0.3175,178061,50782,230638,0.7720,0.2202,0.5519
NY,15,Ritchie Torres,D,137445,47283,186840,0.7356,0.2531,0.4826,184830,31368,217537,0.8496,0.1442,0.7055
NY,16,George Latimer,D,216167,108141,326298,0.6625,0.3314,0.3311,240156,91069,334406,0.7182,0.2723,0.4458
NY,17,Mike Lawler,R,194302,192139,389343,0.4991,0.4935,0.0056,210419,171537,386305,0.5447,0.4440,0.1007
NY,18,Pat Ryan,D,190672,178297,371412,0.5134,0.4801,0.0333,196151,163003,364815,0.5377,0.4468,0.0909
NY,19,Josh Riley,D,194147,187279,384909,0.5044,0.4866,0.0178,196149,179038,382878,0.5123,0.4676,0.0447
NY,20,Paul Tonko,D,211181,158272,373934,0.5648,0.4233,0.1415,224446,151042,383264,0.5856,0.3941,0.1915
NY,21,Elise Stefanik,R,140758,214512,357087,0.3942,0.6007,-0.2065,146580,202300,355821,0.4119,0.5685,-0.1566
NY,22,John Mannion,D,194091,166358,362520,0.5354,0.4589,0.0765,202853,160638,371578,0.5459,0.4323,0.1136
NY,23,Nick Langworthy,R,154446,237489,395169,0.3908,0.6010,-0.2101,160038,232952,401042,0.3991,0.5809,-0.1818
NY,24,Claudia Tenney,R,143256,229987,375663,0.3813,0.6122,-0.2309,146388,222914,377792,0.3875,0.5900,-0.2026
NY,25,Joe Morelle,D,220540,151196,375956,0.5866,0.4022,0.1844,231293,150712,390473,0.5923,0.3860,0.2064
NY,26,Tim Kennedy,D,200098,134624,339786,0.5889,0.3962,0.1927,218507,129475,354198,0.6169,0.3655,0.2514
OH,1,Greg Landsman,D,211031,185646,400601,0.5268,0.4634,0.0634,220131,185305,411737,0.5346,0.4501,0.0846
OH,2,David Taylor,R,97847,278070,378772,0.2583,0.7341,-0.4758,100787,272326,378189,0.2665,0.7201,-0.4536
OH,3,Joyce Beatty,D,249335,105193,358198,0.6961,0.2937,0.4024,271653,104526,381877,0.7114,0.2737,0.4376
OH,4,Jim Jordan,R,126919,276526,407004,0.3118,0.6794,-0.3676,125753,268732,400793,0.3138,0.6705,-0.3567
OH,5,Bob Latta,R,138272,254181,396079,0.3491,0.6417,-0.2926,142103,248389,396658,0.3583,0.6262,-0.2680
OH,6,Michael Rulli,R,125146,253662,381790,0.3278,0.6644,-0.3366,139489,254100,399031,0.3496,0.6368,-0.2872
OH,7,Max Miller,R,185110,229613,418212,0.4426,0.5490,-0.1064,192588,232245,429982,0.4479,0.5401,-0.0922
OH,8,Warren Davidson,R,147411,240026,390902,0.3771,0.6140,-0.2369,153374,241662,400865,0.3826,0.6029,-0.2202
OH,9,Marcy Kaptur,D,174641,200020,378201,0.4618,0.5289,-0.0671,186080,197465,390202,0.4769,0.5061,-0.0292
OH,10,Mike Turner,R,176357,198058,378164,0.4664,0.5237,-0.0574,185657,199447,391739,0.4739,0.5091,-0.0352
OH,11,Shontel Brown,D,247406,70879,320576,0.7718,0.2211,0.5507,280537,74103,358397,0.7828,0.2068,0.5760
OH,12,Troy Balderson,R,129821,257804,390981,0.3320,0.6594,-0.3273,131512,251592,389032,0.3380,0.6467,-0.3087
OH,13,Emilia Sykes,D,195964,195781,395335,0.4957,0.4952,0.0005,205953,194497,406190,0.5070,0.4788,0.0282
OH,14,Dave Joyce,R,164380,237003,404819,0.4061,0.5855,-0.1794,172806,234505,412862,0.4186,0.5680,-0.1494
OH,15,Mike Carey,R,164058,197654,365382,0.4490,0.5410,-0.0919,170743,195940,372828,0.4580,0.5255,-0.0676
OK,1,Kevin Hern,R,120251,188080,314998,0.3818,0.5971,-0.2153,121877,190291,320384,0.3804,0.5939,-0.2135
OK,2,Josh Brecheen,R,69690,250807,325621,0.2140,0.7702,-0.5562,71996,243602,321500,0.2239,0.7577,-0.5338
OK,3,Frank Lucas,R,71499,195379,272017,0.2628,0.7183,-0.4554,72507,194433,273182,0.2654,0.7117,-0.4463
OK,4,Tom Cole,R,100216,202952,309092,0.3242,0.6566,-0.3324,101711,199240,308407,0.3298,0.6460,-0.3162
OK,5,Stephanie Bice,R,137942,198995,344446,0.4005,0.5777,-0.1772,135799,192715,337226,0.4027,0.5715,-0.1688
OR,1,Suzanne Bonamici,D,245504,107459,365289,0.6721,0.2942,0.3779,268141,113977,392100,0.6839,0.2907,0.3932
OR,2,Cliff Bentz,R,128285,227462,365481,0.3510,0.6224,-0.2714,139315,232311,380527,0.3661,0.6105,-0.2444
OR,3,Maxine Dexter,D,248772,88286,349066,0.7127,0.2529,0.4598,280510,97552,386700,0.7254,0.2523,0.4731
OR,4,Val Hoyle,D,211870,164979,388781,0.5450,0.4243,0.1206,224343,172448,407431,0.5506,0.4233,0.1274
OR,5,Janelle Bynum,D,217317,182131,411960,0.5275,0.4421,0.0854,225723,188094,424112,0.5322,0.4435,0.0887
OR,6,Andrea Salinas,D,188852,149163,348891,0.5413,0.4275,0.1138,202351,154067,366361,0.5523,0.4205,0.1318
PA,1,Brian Fitzpatrick,R,235106,233595,473307,0.4967,0.4935,0.0032,241484,219852,466243,0.5179,0.4715,0.0464
PA,2,Brendan Boyle,D,198759,93169,295441,0.6728,0.3154,0.3574,221374,88089,311819,0.7099,0.2825,0.4274
PA,3,Dwight Evans,D,346947,42317,394010,0.8806,0.1074,0.7732,357581,36721,396651,0.9015,0.0926,0.8089
PA,4,Madeleine Dean,D,268429,194501,467793,0.5738,0.4158,0.1580,269159,182686,456857,0.5892,0.3999,0.1893
PA,5,Mary Gay Scanlon,D,267143,147243,418792,0.6379,0.3516,0.2863,276153,140480,420263,0.6571,0.3343,0.3228
PA,6,Chrissy Houlahan,D,234605,186113,425061,0.5519,0.4379,0.1141,235154,174191,414329,0.5676,0.4204,0.1471
PA,7,Ryan Mackenzie,R,196712,209881,410973,0.4786,0.5107,-0.0320,197117,194660,396503,0.4971,0.4909,0.0062
PA,8,Rob Bresnahan,R,177063,210245,390434,0.4535,0.5385,-0.0850,183189,194267,381336,0.4804,0.5094,-0.0291
PA,9,Dan Meuser,R,121820,272975,398386,0.3058,0.6852,-0.3794,119969,261281,386871,0.3101,0.6754,-0.3653
PA,10,Scott Perry,R,192758,214297,411782,0.4681,0.5204,-0.0523,188632,205148,399568,0.4721,0.5134,-0.0413
PA,11,Lloyd Smucker,R,160194,248332,412566,0.3883,0.6019,-0.2136,153327,237723,397039,0.3862,0.5987,-0.2126
PA,12,Summer Lee,D,253699,171382,429050,0.5913,0.3994,0.1919,255322,169617,429696,0.5942,0.3947,0.1995
PA,13,John Joyce,R,110815,298877,413001,0.2683,0.7237,-0.4554,107198,288121,400132,0.2679,0.7201,-0.4522
PA,14,Guy Reschenthaler,R,138813,279274,421084,0.3297,0.6632,-0.3336,138892,268695,412038,0.3371,0.6521,-0.3150
PA,15,Glenn Thompson,R,121693,272691,397753,0.3060,0.6856,-0.3796,119459,263001,387754,0.3081,0.6783,-0.3702
PA,16,Mike Kelly,R,159531,254619,417676,0.3819,0.6096,-0.2277,158730,242664,406695,0.3903,0.5967,-0.2064
PA,17,Chris Deluzio,D,238954,213797,457096,0.5228,0.4677,0.0550,237707,211205,454479,0.5230,0.4647,0.0583
RI,1,Gabe Amo,D,140825,88794,234822,0.5997,0.3781,0.2216,152956,83225,239685,0.6382,0.3472,0.2909
RI,2,Seth Magaziner,D,144331,125612,275837,0.5232,0.4554,0.0679,154530,116697,275313,0.5613,0.4239,0.1374
SC,1,Nancy Mace,R,171105,223189,400369,0.4274,0.5575,-0.1301,171781,204848,383006,0.4485,0.5348,-0.0863
SC,2,Joe Wilson,R,154783,205695,365954,0.4230,0.5621,-0.1391,161002,199780,366492,0.4393,0.5451,-0.1058
SC,3,Sheri Biggs,R,99185,252655,356369,0.2783,0.7090,-0.4306,106461,236981,348346,0.3056,0.6803,-0.3747
SC,4,William Timmons,R,132540,216077,354343,0.3740,0.6098,-0.2358,138171,202545,347082,0.3981,0.5836,-0.1855
SC,5,Ralph Norman,R,141510,226473,373054,0.3793,0.6071,-0.2277,147073,213484,365450,0.4024,0.5842,-0.1817
SC,6,Jim Clyburn,D,189648,118611,313271,0.6054,0.3786,0.2268,219768,111769,336352,0.6534,0.3323,0.3211
SC,7,Russell Fry,R,139681,241046,384780,0.3630,0.6265,-0.2634,147285,215696,366601,0.4018,0.5884,-0.1866
SD,1,Dusty Johnson,R,146859,272081,428922,0.3424,0.6343,-0.2919,150471,261043,422609,0.3561,0.6177,-0.2616
TN,1,Diana Harshbarger,R,71649,273159,348378,0.2057,0.7841,-0.5784,74136,256544,336324,0.2204,0.7628,-0.5424
TN,2,Tim Burchett,R,118773,242945,366766,0.3238,0.6624,-0.3386,122695,226798,356264,0.3444,0.6366,-0.2922
TN,3,Chuck Fleischmann,R,113479,243103,361316,0.3141,0.6728,-0.3588,115371,226469,348163,0.3314,0.6505,-0.3191
TN,4,Scott DesJarlais,R,93024,239837,336886,0.2761,0.7119,-0.4358,98034,220498,324523,0.3021,0.6795,-0.3774
TN,5,Andy Ogles,R,150373,216675,373015,0.4031,0.5809,-0.1777,157606,198784,364675,0.4322,0.5451,-0.1129
TN,6,John Rose,R,114012,240346,358805,0.3178,0.6699,-0.3521,120181,221681,348370,0.3450,0.6363,-0.2914
TN,7,VACANT (Green),R,127803,202510,335187,0.3813,0.6042,-0.2229,135634,185342,328513,0.4129,0.5642,-0.1513
TN,8,David Kustoff,R,100535,243791,348278,0.2887,0.7000,-0.4113,110189,244389,359751,0.3063,0.6793,-0.3730
TN,9,Steve Cohen,D,166617,64499,235311,0.7081,0.2741,0.4340,209865,71971,286406,0.7328,0.2513,0.4815
TX,1,Nathaniel Moran,R,78564,246363,327192,0.2401,0.7530,-0.5128,86340,235935,325932,0.2649,0.7239,-0.4590
TX,2,Dan Crenshaw,R,124591,203572,332111,0.3751,0.6130,-0.2378,121722,194830,321027,0.3792,0.6069,-0.2277
TX,3,Keith Self,R,153496,232845,395370,0.3882,0.5889,-0.2007,152283,204522,362332,0.4203,0.5645,-0.1442
TX,4,Pat Fallon,R,120188,239000,364577,0.3297,0.6556,-0.3259,125331,214733,344380,0.3639,0.6235,-0.2596
TX,5,Lance Gooden,R,111027,194767,309229,0.3590,0.6298,-0.2708,113821,180707,298176,0.3817,0.6060,-0.2243
TX,6,Jake Ellzey,R,104150,188598,295945,0.3519,0.6373,-0.2854,105417,172963,281938,0.3739,0.6135,-0.2396
TX,7,Lizzie Fletcher,D,148939,96446,252742,0.5893,0.3816,0.2077,179327,96257,279261,0.6421,0.3447,0.2975
TX,8,Morgan Luttrell,R,113192,231430,348986,0.3243,0.6631,-0.3388,111737,196658,312347,0.3577,0.6296,-0.2719
TX,9,Al Green,D,169156,64549,237177,0.7132,0.2722,0.4411,195428,58355,256506,0.7619,0.2275,0.5344
TX,10,Michael McCaul,R,131834,220457,356885,0.3694,0.6177,-0.2483,135094,198897,339628,0.3978,0.5856,-0.1879
TX,11,August Pfluger,R,71353,192220,265865,0.2684,0.7230,-0.4546,77977,186084,267919,0.2910,0.6946,-0.4035
TX,12,Craig Goldman,R,131637,209675,345291,0.3812,0.6072,-0.2260,130235,189089,324606,0.4012,0.5825,-0.1813
TX,13,Ronny Jackson,R,77626,222446,303031,0.2562,0.7341,-0.4779,79206,215372,299331,0.2646,0.7195,-0.4549
TX,14,Randy Weber,R,101583,208090,312766,0.3248,0.6653,-0.3405,110036,199675,314088,0.3503,0.6357,-0.2854
TX,15,Monica De La Cruz,R,93470,134492,229772,0.4068,0.5853,-0.1785,109177,115722,227089,0.4808,0.5096,-0.0288
TX,16,Veronica Escobar,D,132189,95314,230335,0.5739,0.4138,0.1601,163505,76976,244212,0.6695,0.3152,0.3543
TX,17,Pete Sessions,R,105287,193584,302001,0.3486,0.6410,-0.2924,114751,182847,302045,0.3799,0.6054,-0.2255
TX,18,[VACANT],D,154657,65672,223517,0.6919,0.2938,0.3981,177368,60370,240982,0.7360,0.2505,0.4855
TX,19,Jodey Arrington,R,66869,212716,282163,0.2370,0.7539,-0.5169,73174,202461,279621,0.2617,0.7241,-0.4624
TX,20,Joaquin Castro,D,147731,95409,245945,0.6007,0.3879,0.2127,172367,85595,262144,0.6575,0.3265,0.3310
TX,21,Chip Roy,R,163520,266269,434621,0.3762,0.6126,-0.2364,164213,246263,416581,0.3942,0.5912,-0.1970
TX,22,Troy Nehls,R,136411,204248,347223,0.3929,0.5882,-0.1954,138254,191937,334585,0.4132,0.5737,-0.1604
TX,23,Tony Gonzales,R,127486,174904,305276,0.4176,0.5729,-0.1553,134552,155681,294019,0.4576,0.5295,-0.0719
TX,24,Beth Van Duyne,R,157912,217060,380887,0.4146,0.5699,-0.1553,168124,216345,390681,0.4303,0.5538,-0.1234
TX,25,Roger Williams,R,106983,231289,342104,0.3127,0.6761,-0.3634,112309,215979,332712,0.3376,0.6491,-0.3116
TX,26,Brandon Gill,R,149357,242431,397123,0.3761,0.6105,-0.2344,144823,211963,361989,0.4001,0.5856,-0.1855
TX,27,Michael Cloud,R,99368,184228,286037,0.3474,0.6441,-0.2967,109720,174253,287748,0.3813,0.6056,-0.2243
TX,28,Henry Cuellar,D,114961,133211,250380,0.4591,0.5320,-0.0729,131726,114184,249012,0.5290,0.4585,0.0704
TX,29,Sylvia Garcia,D,92821,61054,155692,0.5962,0.3921,0.2040,118450,54253,174765,0.6778,0.3104,0.3673
TX,30,Jasmine Crockett,D,185466,65876,254608,0.7284,0.2587,0.4697,217199,58708,279332,0.7776,0.2102,0.5674
TX,31,John Carter,R,142633,230668,378316,0.3770,0.6097,-0.2327,133165,202406,341869,0.3895,0.5921,-0.2025
TX,32,Julie Johnson,D,145115,88312,239154,0.6068,0.3693,0.2375,172823,86040,263239,0.6565,0.3269,0.3297
TX,33,Marc Veasey,D,113651,55269,172887,0.6574,0.3197,0.3377,139290,45685,187606,0.7425,0.2435,0.4989
TX,34,Vicente Gonzalez,D,96992,106061,204684,0.4739,0.5182,-0.0443,116856,85153,203935,0.5730,0.4175,0.1555
TX,35,Greg Casar,D,176223,86466,266780,0.6606,0.3241,0.3364,187900,69342,262092,0.7169,0.2646,0.4524
TX,36,Brian Babin,R,94164,205607,302998,0.3108,0.6786,-0.3678,102316,198540,304672,0.3358,0.6517,-0.3158
TX,37,Lloyd Doggett,D,259547,85851,352071,0.7372,0.2438,0.4934,289226,86849,383154,0.7549,0.2267,0.5282
TX,38,Wesley Hunt,R,134998,207050,348158,0.3877,0.5947,-0.2070,143907,208722,357580,0.4024,0.5837,-0.1813
UT,1,Blake Moore,R,144821,220212,376167,0.3850,0.5854,-0.2004,142221,216685,374776,0.3795,0.5782,-0.1987
UT,2,Celeste Maloy,R,140188,214061,363526,0.3856,0.5888,-0.2032,143194,205210,362061,0.3955,0.5668,-0.1713
UT,3,Mike Kennedy,R,146138,218601,375190,0.3895,0.5826,-0.1931,149658,224849,391105,0.3827,0.5749,-0.1923
UT,4,Burgess Owens,R,131419,230945,373068,0.3523,0.6190,-0.2668,125210,218396,359735,0.3481,0.6071,-0.2590
VA,1,Rob Wittman,R,227038,250959,484061,0.4690,0.5184,-0.0494,215574,244413,466892,0.4617,0.5235,-0.0618
VA,2,Jen Kiggans,R,203279,204307,412555,0.4927,0.4952,-0.0025,201896,194173,402884,0.5011,0.4820,0.0192
VA,3,Bobby Scott,D,213026,102168,319745,0.6662,0.3195,0.3467,230576,101134,337411,0.6834,0.2997,0.3836
VA,4,Jennifer McClellan,D,251005,125941,382432,0.6563,0.3293,0.3270,260886,122375,388140,0.6721,0.3153,0.3569
VA,5,John McGuire,R,191726,246040,442168,0.4336,0.5564,-0.1228,194989,230682,431686,0.4517,0.5344,-0.0827
VA,6,Ben Cline,R,154344,252669,411692,0.3749,0.6137,-0.2388,133543,208274,347395,0.3844,0.5995,-0.2151
VA,7,Eugene Vindman,D,203204,191696,402228,0.5052,0.4766,0.0286,204951,178472,389585,0.5261,0.4581,0.0680
VA,8,Don Beyer,D,285003,92724,386512,0.7374,0.2399,0.4975,305118,84142,394439,0.7735,0.2133,0.5602
VA,9,Morgan Griffith,R,112209,291608,407182,0.2756,0.7162,-0.4406,114163,282093,401051,0.2847,0.7034,-0.4187
VA,10,Suhas Subramanyam,D,221123,186190,417946,0.5291,0.4455,0.0836,238976,164941,410021,0.5828,0.4023,0.1806
VA,11,Gerry Connolly,D,273439,130784,416054,0.6572,0.3143,0.3429,295688,121172,422707,0.6995,0.2867,0.4129
VT,1,Becca Balint,D,235791,119395,366389,0.6436,0.3259,0.3177,242820,112704,365486,0.6644,0.3084,0.3560
WA,1,Suzan DelBene,D,232691,126084,371555,0.6263,0.3393,0.2869,250877,130740,392183,0.6397,0.3334,0.3063
WA,2,Rick Larsen,D,254400,154441,422346,0.6023,0.3657,0.2367,263073,162798,437403,0.6014,0.3722,0.2293
WA,3,Marie Gluesenkamp Perez,D,197986,211907,421693,0.4695,0.5025,-0.0330,196218,213902,420817,0.4663,0.5083,-0.0420
WA,4,Dan Newhouse,R,119032,183219,310462,0.3834,0.5901,-0.2067,130107,184863,323034,0.4028,0.5723,-0.1695
WA,5,Michael Baumgartner,R,173909,217375,402950,0.4316,0.5395,-0.1079,180838,222224,415270,0.4355,0.5351,-0.0997
WA,6,Emily Randall,D,251826,168264,433649,0.5807,0.3880,0.1927,253641,177178,444191,0.5710,0.3989,0.1721
WA,7,Pramila Jayapal,D,373392,47188,434984,0.8584,0.1085,0.7499,395386,51351,455644,0.8678,0.1127,0.7551
WA,8,Kim Schrier,D,218294,193710,425522,0.5130,0.4552,0.0578,226804,197508,435843,0.5204,0.4532,0.0672
WA,9,Adam Smith,D,219426,88121,318654,0.6886,0.2765,0.4121,255762,94177,357484,0.7155,0.2634,0.4520
WA,10,Marilyn Strickland,D,204893,140614,357020,0.5739,0.3939,0.1800,216906,149910,378511,0.5731,0.3961,0.1770
WI,1,Bryan Steil,R,189560,207736,403219,0.4701,0.5152,-0.0451,190050,197950,393706,0.4827,0.5028,-0.0201
WI,2,Mark Pocan,D,324784,136735,468398,0.6934,0.2919,0.4015,310866,125928,442951,0.7018,0.2843,0.4175
WI,3,Derrick Van Orden,R,191708,222857,421044,0.4553,0.5293,-0.0740,185088,203589,395551,0.4679,0.5147,-0.0468
WI,4,Gwen Moore,D,258176,80483,344679,0.7490,0.2335,0.5155,260145,78292,342657,0.7592,0.2285,0.5307
WI,5,Scott Fitzgerald,R,183713,290101,480204,0.3826,0.6041,-0.2215,175986,282390,464784,0.3786,0.6076,-0.2289
WI,6,Glenn Grothman,R,175452,245778,426849,0.4110,0.5758,-0.1648,171949,237088,415757,0.4136,0.5703,-0.1567
WI,7,Tom Tiffany,R,167604,266844,441048,0.3800,0.6050,-0.2250,165850,250173,422463,0.3926,0.5922,-0.1996
WI,8,Tony Wied,R,177232,247092,429772,0.4124,0.5749,-0.1626,170932,234773,412078,0.4148,0.5697,-0.1549
WV,1,Carol Miller,R,98066,259831,364662,0.2689,0.7125,-0.4436,112947,273523,392576,0.2877,0.6967,-0.4090
WV,2,Riley Moore,R,116243,273725,397728,0.2923,0.6882,-0.3960,123037,271859,402076,0.3060,0.6761,-0.3701
WY,1,Harriet Hageman,R,69527,192633,266353,0.2610,0.7232,-0.4622,73491,193559,275026,0.2672,0.7038,-0.4366